Workbook

Sheet README
A1: README -- Chain-Ladder Manuel (Phase 0)
A3: Objet | B3: Calcul manuel (formules Excel) de la methode Chain-Ladder sur le triangle GenIns.
A5: Dataset | B5: GenIns (Taylor & Ashe, 1983), sinistres payes cumules, General Liability. Source publique : package R 'ChainLadder' / chainladder-python.
A7: Hypothese cle | B7: Stabilite des cadences de developpement dans le temps : les link ratios ne dependent pas de l'accident year.
A9: Methode | B9: Link ratios volume-weighted (SUMPRODUCT sur periode commune) -> projection en cascade -> Ultimate = derniere colonne du triangle complete -> IBNR = Ultimate - Paid to date.
A11: Onglets | B11: Triangle_Brut (donnees source) -> Link_Ratios (formules) -> Triangle_Complete (formules en cascade) -> Ultimate_IBNR (synthese).
A13: Convention couleur | B13: Bleu = donnee source (hardcode) | Noir = formule calculee.
A15: Auteur | B15: Hong Phuc QUACH -- Aout 2026

Sheet Triangle_Brut
A1: Triangle de sinistres payes cumules -- Dataset GenIns (Taylor & Ashe, 1983)
A2: Source : package R 'ChainLadder' / chainladder-python (cl.load_sample('genins'))
A4: Accident Year | B4: 12 | C4: 24 | D4: 36 | E4: 48 | F4: 60 | G4: 72 | H4: 84 | I4: 96 | J4: 108 | K4: 120
A5: 2001 | B5: 357848 | C5: 1124788 | D5: 1735330 | E5: 2218270 | F5: 2745596 | G5: 3319994 | H5: 3466336 | I5: 3606286 | J5: 3833515 | K5: 3901463
A6: 2002 | B6: 352118 | C6: 1236139 | D6: 2170033 | E6: 3353322 | F6: 3799067 | G6: 4120063 | H6: 4647867 | I6: 4914039 | J6: 5339085
A7: 2003 | B7: 290507 | C7: 1292306 | D7: 2218525 | E7: 3235179 | F7: 3985995 | G7: 4132918 | H7: 4628910 | I7: 4909315
A8: 2004 | B8: 310608 | C8: 1418858 | D8: 2195047 | E8: 3757447 | F8: 4029929 | G8: 4381982 | H8: 4588268
A9: 2005 | B9: 443160 | C9: 1136350 | D9: 2128333 | E9: 2897821 | F9: 3402672 | G9: 3873311
A10: 2006 | B10: 396132 | C10: 1333217 | D10: 2180715 | E10: 2985752 | F10: 3691712
A11: 2007 | B11: 440832 | C11: 1288463 | D11: 2419861 | E11: 3483130
A12: 2008 | B12: 359480 | C12: 1421128 | D12: 2864498
A13: 2009 | B13: 376686 | C13: 1363294
A14: 2010 | B14: 344014

Sheet Link_Ratios
A1: Link Ratios (Development Factors) -- Volume Weighted Average
A2: f_j = SUM(colonne j+1, periode commune) / SUM(colonne j, periode commune)
A4: Transition | B4: Link Ratio (f_j)
A5: 12 -> 24 | B5: =SUMPRODUCT(ISNUMBER(Triangle_Brut!C5:C14)*Triangle_Brut!C5:C14)/SUMPRODUCT(ISNUMBER(Triangle_Brut!C5:C14)*Triangle_Brut!B5:B14) -> 3.4906065
A6: 24 -> 36 | B6: =SUMPRODUCT(ISNUMBER(Triangle_Brut!D5:D14)*Triangle_Brut!D5:D14)/SUMPRODUCT(ISNUMBER(Triangle_Brut!D5:D14)*Triangle_Brut!C5:C14) -> 1.7473326
A7: 36 -> 48 | B7: =SUMPRODUCT(ISNUMBER(Triangle_Brut!E5:E14)*Triangle_Brut!E5:E14)/SUMPRODUCT(ISNUMBER(Triangle_Brut!E5:E14)*Triangle_Brut!D5:D14) -> 1.4574128
A8: 48 -> 60 | B8: =SUMPRODUCT(ISNUMBER(Triangle_Brut!F5:F14)*Triangle_Brut!F5:F14)/SUMPRODUCT(ISNUMBER(Triangle_Brut!F5:F14)*Triangle_Brut!E5:E14) -> 1.1738517
A9: 60 -> 72 | B9: =SUMPRODUCT(ISNUMBER(Triangle_Brut!G5:G14)*Triangle_Brut!G5:G14)/SUMPRODUCT(ISNUMBER(Triangle_Brut!G5:G14)*Triangle_Brut!F5:F14) -> 1.1038235
A10: 72 -> 84 | B10: =SUMPRODUCT(ISNUMBER(Triangle_Brut!H5:H14)*Triangle_Brut!H5:H14)/SUMPRODUCT(ISNUMBER(Triangle_Brut!H5:H14)*Triangle_Brut!G5:G14) -> 1.0862694
A11: 84 -> 96 | B11: =SUMPRODUCT(ISNUMBER(Triangle_Brut!I5:I14)*Triangle_Brut!I5:I14)/SUMPRODUCT(ISNUMBER(Triangle_Brut!I5:I14)*Triangle_Brut!H5:H14) -> 1.0538744
A12: 96 -> 108 | B12: =SUMPRODUCT(ISNUMBER(Triangle_Brut!J5:J14)*Triangle_Brut!J5:J14)/SUMPRODUCT(ISNUMBER(Triangle_Brut!J5:J14)*Triangle_Brut!I5:I14) -> 1.0765552
A13: 108 -> 120 | B13: =SUMPRODUCT(ISNUMBER(Triangle_Brut!K5:K14)*Triangle_Brut!K5:K14)/SUMPRODUCT(ISNUMBER(Triangle_Brut!K5:K14)*Triangle_Brut!J5:J14) -> 1.0177247

Sheet Triangle_Complete
A1: Triangle Complete -- Projection via Link Ratios en cascade
A2: Cellule observee = valeur brute (bleu) | Cellule projetee = precedente x link ratio (noir)
A4: Accident Year | B4: 12 | C4: 24 | D4: 36 | E4: 48 | F4: 60 | G4: 72 | H4: 84 | I4: 96 | J4: 108 | K4: 120
A5: 2001 | B5: =Triangle_Brut!B5 -> 357848 | C5: =IF(Triangle_Brut!C5<>"",Triangle_Brut!C5,B5*Link_Ratios!$B$5) -> 1124788 | D5: =IF(Triangle_Brut!D5<>"",Triangle_Brut!D5,C5*Link_Ratios!$B$6) -> 1735330 | E5: =IF(Triangle_Brut!E5<>"",Triangle_Brut!E5,D5*Link_Ratios!$B$7) -> 2218270 | F5: =IF(Triangle_Brut!F5<>"",Triangle_Brut!F5,E5*Link_Ratios!$B$8) -> 2745596 | G5: =IF(Triangle_Brut!G5<>"",Triangle_Brut!G5,F5*Link_Ratios!$B$9) -> 3319994 | H5: =IF(Triangle_Brut!H5<>"",Triangle_Brut!H5,G5*Link_Ratios!$B$10) -> 3466336 | I5: =IF(Triangle_Brut!I5<>"",Triangle_Brut!I5,H5*Link_Ratios!$B$11) -> 3606286 | J5: =IF(Triangle_Brut!J5<>"",Triangle_Brut!J5,I5*Link_Ratios!$B$12) -> 3833515 | K5: =IF(Triangle_Brut!K5<>"",Triangle_Brut!K5,J5*Link_Ratios!$B$13) -> 3901463
A6: 2002 | B6: =Triangle_Brut!B6 -> 352118 | C6: =IF(Triangle_Brut!C6<>"",Triangle_Brut!C6,B6*Link_Ratios!$B$5) -> 1236139 | D6: =IF(Triangle_Brut!D6<>"",Triangle_Brut!D6,C6*Link_Ratios!$B$6) -> 2170033 | E6: =IF(Triangle_Brut!E6<>"",Triangle_Brut!E6,D6*Link_Ratios!$B$7) -> 3353322 | F6: =IF(Triangle_Brut!F6<>"",Triangle_Brut!F6,E6*Link_Ratios!$B$8) -> 3799067 | G6: =IF(Triangle_Brut!G6<>"",Triangle_Brut!G6,F6*Link_Ratios!$B$9) -> 4120063 | H6: =IF(Triangle_Brut!H6<>"",Triangle_Brut!H6,G6*Link_Ratios!$B$10) -> 4647867 | I6: =IF(Triangle_Brut!I6<>"",Triangle_Brut!I6,H6*Link_Ratios!$B$11) -> 4914039 | J6: =IF(Triangle_Brut!J6<>"",Triangle_Brut!J6,I6*Link_Ratios!$B$12) -> 5339085 | K6: =IF(Triangle_Brut!K6<>"",Triangle_Brut!K6,J6*Link_Ratios!$B$13) -> 5433718.8
A7: 2003 | B7: =Triangle_Brut!B7 -> 290507 | C7: =IF(Triangle_Brut!C7<>"",Triangle_Brut!C7,B7*Link_Ratios!$B$5) -> 1292306 | D7: =IF(Triangle_Brut!D7<>"",Triangle_Brut!D7,C7*Link_Ratios!$B$6) -> 2218525 | E7: =IF(Triangle_Brut!E7<>"",Triangle_Brut!E7,D7*Link_Ratios!$B$7) -> 3235179 | F7: =IF(Triangle_Brut!F7<>"",Triangle_Brut!F7,E7*Link_Ratios!$B$8) -> 3985995 | G7: =IF(Triangle_Brut!G7<>"",Triangle_Brut!G7,F7*Link_Ratios!$B$9) -> 4132918 | H7: =IF(Triangle_Brut!H7<>"",Triangle_Brut!H7,G7*Link_Ratios!$B$10) -> 4628910 | I7: =IF(Triangle_Brut!I7<>"",Triangle_Brut!I7,H7*Link_Ratios!$B$11) -> 4909315 | J7: =IF(Triangle_Brut!J7<>"",Triangle_Brut!J7,I7*Link_Ratios!$B$12) -> 5285148.5 | K7: =IF(Triangle_Brut!K7<>"",Triangle_Brut!K7,J7*Link_Ratios!$B$13) -> 5378826.3
A8: 2004 | B8: =Triangle_Brut!B8 -> 310608 | C8: =IF(Triangle_Brut!C8<>"",Triangle_Brut!C8,B8*Link_Ratios!$B$5) -> 1418858 | D8: =IF(Triangle_Brut!D8<>"",Triangle_Brut!D8,C8*Link_Ratios!$B$6) -> 2195047 | E8: =IF(Triangle_Brut!E8<>"",Triangle_Brut!E8,D8*Link_Ratios!$B$7) -> 3757447 | F8: =IF(Triangle_Brut!F8<>"",Triangle_Brut!F8,E8*Link_Ratios!$B$8) -> 4029929 | G8: =IF(Triangle_Brut!G8<>"",Triangle_Brut!G8,F8*Link_Ratios!$B$9) -> 4381982 | H8: =IF(Triangle_Brut!H8<>"",Triangle_Brut!H8,G8*Link_Ratios!$B$10) -> 4588268 | I8: =IF(Triangle_Brut!I8<>"",Triangle_Brut!I8,H8*Link_Ratios!$B$11) -> 4835458 | J8: =IF(Triangle_Brut!J8<>"",Triangle_Brut!J8,I8*Link_Ratios!$B$12) -> 5205637.3 | K8: =IF(Triangle_Brut!K8<>"",Triangle_Brut!K8,J8*Link_Ratios!$B$13) -> 5297905.8
A9: 2005 | B9: =Triangle_Brut!B9 -> 443160 | C9: =IF(Triangle_Brut!C9<>"",Triangle_Brut!C9,B9*Link_Ratios!$B$5) -> 1136350 | D9: =IF(Triangle_Brut!D9<>"",Triangle_Brut!D9,C9*Link_Ratios!$B$6) -> 2128333 | E9: =IF(Triangle_Brut!E9<>"",Triangle_Brut!E9,D9*Link_Ratios!$B$7) -> 2897821 | F9: =IF(Triangle_Brut!F9<>"",Triangle_Brut!F9,E9*Link_Ratios!$B$8) -> 3402672 | G9: =IF(Triangle_Brut!G9<>"",Triangle_Brut!G9,F9*Link_Ratios!$B$9) -> 3873311 | H9: =IF(Triangle_Brut!H9<>"",Triangle_Brut!H9,G9*Link_Ratios!$B$10) -> 4207459.1 | I9: =IF(Triangle_Brut!I9<>"",Triangle_Brut!I9,H9*Link_Ratios!$B$11) -> 4434133.2 | J9: =IF(Triangle_Brut!J9<>"",Triangle_Brut!J9,I9*Link_Ratios!$B$12) -> 4773589.1 | K9: =IF(Triangle_Brut!K9<>"",Triangle_Brut!K9,J9*Link_Ratios!$B$13) -> 4858199.6
A10: 2006 | B10: =Triangle_Brut!B10 -> 396132 | C10: =IF(Triangle_Brut!C10<>"",Triangle_Brut!C10,B10*Link_Ratios!$B$5) -> 1333217 | D10: =IF(Triangle_Brut!D10<>"",Triangle_Brut!D10,C10*Link_Ratios!$B$6) -> 2180715 | E10: =IF(Triangle_Brut!E10<>"",Triangle_Brut!E10,D10*Link_Ratios!$B$7) -> 2985752 | F10: =IF(Triangle_Brut!F10<>"",Triangle_Brut!F10,E10*Link_Ratios!$B$8) -> 3691712 | G10: =IF(Triangle_Brut!G10<>"",Triangle_Brut!G10,F10*Link_Ratios!$B$9) -> 4074998.6 | H10: =IF(Triangle_Brut!H10<>"",Triangle_Brut!H10,G10*Link_Ratios!$B$10) -> 4426546.1 | I10: =IF(Triangle_Brut!I10<>"",Triangle_Brut!I10,H10*Link_Ratios!$B$11) -> 4665023.4 | J10: =IF(Triangle_Brut!J10<>"",Triangle_Brut!J10,I10*Link_Ratios!$B$12) -> 5022155.1 | K10: =IF(Triangle_Brut!K10<>"",Triangle_Brut!K10,J10*Link_Ratios!$B$13) -> 5111171.5
A11: 2007 | B11: =Triangle_Brut!B11 -> 440832 | C11: =IF(Triangle_Brut!C11<>"",Triangle_Brut!C11,B11*Link_Ratios!$B$5) -> 1288463 | D11: =IF(Triangle_Brut!D11<>"",Triangle_Brut!D11,C11*Link_Ratios!$B$6) -> 2419861 | E11: =IF(Triangle_Brut!E11<>"",Triangle_Brut!E11,D11*Link_Ratios!$B$7) -> 3483130 | F11: =IF(Triangle_Brut!F11<>"",Triangle_Brut!F11,E11*Link_Ratios!$B$8) -> 4088678.1 | G11: =IF(Triangle_Brut!G11<>"",Triangle_Brut!G11,F11*Link_Ratios!$B$9) -> 4513179.1 | H11: =IF(Triangle_Brut!H11<>"",Triangle_Brut!H11,G11*Link_Ratios!$B$10) -> 4902528.2 | I11: =IF(Triangle_Brut!I11<>"",Triangle_Brut!I11,H11*Link_Ratios!$B$11) -> 5166648.7 | J11: =IF(Triangle_Brut!J11<>"",Triangle_Brut!J11,I11*Link_Ratios!$B$12) -> 5562182.5 | K11: =IF(Triangle_Brut!K11<>"",Triangle_Brut!K11,J11*Link_Ratios!$B$13) -> 5660770.6
A12: 2008 | B12: =Triangle_Brut!B12 -> 359480 | C12: =IF(Triangle_Brut!C12<>"",Triangle_Brut!C12,B12*Link_Ratios!$B$5) -> 1421128 | D12: =IF(Triangle_Brut!D12<>"",Triangle_Brut!D12,C12*Link_Ratios!$B$6) -> 2864498 | E12: =IF(Triangle_Brut!E12<>"",Triangle_Brut!E12,D12*Link_Ratios!$B$7) -> 4174756.2 | F12: =IF(Triangle_Brut!F12<>"",Triangle_Brut!F12,E12*Link_Ratios!$B$8) -> 4900544.6 | G12: =IF(Triangle_Brut!G12<>"",Triangle_Brut!G12,F12*Link_Ratios!$B$9) -> 5409336.5 | H12: =IF(Triangle_Brut!H12<>"",Triangle_Brut!H12,G12*Link_Ratios!$B$10) -> 5875996.5 | I12: =IF(Triangle_Brut!I12<>"",Triangle_Brut!I12,H12*Link_Ratios!$B$11) -> 6192562.1 | J12: =IF(Triangle_Brut!J12<>"",Triangle_Brut!J12,I12*Link_Ratios!$B$12) -> 6666634.7 | K12: =IF(Triangle_Brut!K12<>"",Triangle_Brut!K12,J12*Link_Ratios!$B$13) -> 6784799
A13: 2009 | B13: =Triangle_Brut!B13 -> 376686 | C13: =IF(Triangle_Brut!C13<>"",Triangle_Brut!C13,B13*Link_Ratios!$B$5) -> 1363294 | D13: =IF(Triangle_Brut!D13<>"",Triangle_Brut!D13,C13*Link_Ratios!$B$6) -> 2382128.1 | E13: =IF(Triangle_Brut!E13<>"",Triangle_Brut!E13,D13*Link_Ratios!$B$7) -> 3471744.1 | F13: =IF(Triangle_Brut!F13<>"",Triangle_Brut!F13,E13*Link_Ratios!$B$8) -> 4075312.7 | G13: =IF(Triangle_Brut!G13<>"",Triangle_Brut!G13,F13*Link_Ratios!$B$9) -> 4498426.1 | H13: =IF(Triangle_Brut!H13<>"",Triangle_Brut!H13,G13*Link_Ratios!$B$10) -> 4886502.4 | I13: =IF(Triangle_Brut!I13<>"",Triangle_Brut!I13,H13*Link_Ratios!$B$11) -> 5149759.6 | J13: =IF(Triangle_Brut!J13<>"",Triangle_Brut!J13,I13*Link_Ratios!$B$12) -> 5544000.4 | K13: =IF(Triangle_Brut!K13<>"",Triangle_Brut!K13,J13*Link_Ratios!$B$13) -> 5642266.3
A14: 2010 | B14: =Triangle_Brut!B14 -> 344014 | C14: =IF(Triangle_Brut!C14<>"",Triangle_Brut!C14,B14*Link_Ratios!$B$5) -> 1200817.5 | D14: =IF(Triangle_Brut!D14<>"",Triangle_Brut!D14,C14*Link_Ratios!$B$6) -> 2098227.7 | E14: =IF(Triangle_Brut!E14<>"",Triangle_Brut!E14,D14*Link_Ratios!$B$7) -> 3057983.9 | F14: =IF(Triangle_Brut!F14<>"",Triangle_Brut!F14,E14*Link_Ratios!$B$8) -> 3589619.6 | G14: =IF(Triangle_Brut!G14<>"",Triangle_Brut!G14,F14*Link_Ratios!$B$9) -> 3962306.6 | H14: =IF(Triangle_Brut!H14<>"",Triangle_Brut!H14,G14*Link_Ratios!$B$10) -> 4304132.3 | I14: =IF(Triangle_Brut!I14<>"",Triangle_Brut!I14,H14*Link_Ratios!$B$11) -> 4536014.7 | J14: =IF(Triangle_Brut!J14<>"",Triangle_Brut!J14,I14*Link_Ratios!$B$12) -> 4883270.1 | K14: =IF(Triangle_Brut!K14<>"",Triangle_Brut!K14,J14*Link_Ratios!$B$13) -> 4969824.7

Sheet Ultimate_IBNR
A1: Synthese -- Ultimate et IBNR par Accident Year (methode Chain-Ladder)
A2: Paid to date = derniere valeur observee du triangle brut (LOOKUP ignore les cellules vides)
A4: Accident Year | B4: Paid to Date | C4: Ultimate (CL) | D4: IBNR
A5: 2001 | B5: =LOOKUP(9.99E+307,Triangle_Brut!B5:K5) -> 3901463 | C5: =Triangle_Complete!K5 -> 3901463 | D5: =C5-B5 -> 0
A6: 2002 | B6: =LOOKUP(9.99E+307,Triangle_Brut!B6:K6) -> 5339085 | C6: =Triangle_Complete!K6 -> 5433718.8 | D6: =C6-B6 -> 94633.815
A7: 2003 | B7: =LOOKUP(9.99E+307,Triangle_Brut!B7:K7) -> 4909315 | C7: =Triangle_Complete!K7 -> 5378826.3 | D7: =C7-B7 -> 469511.29
A8: 2004 | B8: =LOOKUP(9.99E+307,Triangle_Brut!B8:K8) -> 4588268 | C8: =Triangle_Complete!K8 -> 5297905.8 | D8: =C8-B8 -> 709637.82
A9: 2005 | B9: =LOOKUP(9.99E+307,Triangle_Brut!B9:K9) -> 3873311 | C9: =Triangle_Complete!K9 -> 4858199.6 | D9: =C9-B9 -> 984888.64
A10: 2006 | B10: =LOOKUP(9.99E+307,Triangle_Brut!B10:K10) -> 3691712 | C10: =Triangle_Complete!K10 -> 5111171.5 | D10: =C10-B10 -> 1419459.5
A11: 2007 | B11: =LOOKUP(9.99E+307,Triangle_Brut!B11:K11) -> 3483130 | C11: =Triangle_Complete!K11 -> 5660770.6 | D11: =C11-B11 -> 2177640.6
A12: 2008 | B12: =LOOKUP(9.99E+307,Triangle_Brut!B12:K12) -> 2864498 | C12: =Triangle_Complete!K12 -> 6784799 | D12: =C12-B12 -> 3920301
A13: 2009 | B13: =LOOKUP(9.99E+307,Triangle_Brut!B13:K13) -> 1363294 | C13: =Triangle_Complete!K13 -> 5642266.3 | D13: =C13-B13 -> 4278972.3
A14: 2010 | B14: =LOOKUP(9.99E+307,Triangle_Brut!B14:K14) -> 344014 | C14: =Triangle_Complete!K14 -> 4969824.7 | D14: =C14-B14 -> 4625810.7
A15: TOTAL | B15: =SUM(B5:B14) -> 34358090 | C15: =SUM(C5:C14) -> 53038946 | D15: =SUM(D5:D14) -> 18680856
